Tube;barcode_sequence
1a;AAGAAAGTTGTCGGTGTCTTTGTG
2a;TCGATTCCGTTTGTAGTCGTCTGT
3a;GAGTCTTGTGTCCCAGTTACCAGG
4a;TTCGGATTCTATCGTGTTTCCCTA
5a;CTTGTCCAGGGTTTGTGTAACCTT
6a;TTCTCGCAAAGGCAGAAAGTAGTC
7a;GTGTTACCGTGGGAATGAATCCTT
8a;TTCAGGGAACAAACCAAGTTACGT
9a;AACTAGGCACAGCGAGTCTTGGTT
10a;AAGCGTTGAAACCTTTGTCCTCTC
11a;GTTTCATCTATCGGAGGGAATGGA
12a;CAGGTAGAAAGAAGCAGAATCGGA
1b;AGAACGACTTCCATACTCGTGTGA
2b;AACGAGTCTCTTGGGACCCATAGA
3b;AGGTCTACCTCGCTAACACCACTG
4b;CGTCAACTGACAGTGGTTCGTACT
5b;ACCCTCCAGGAAAGTACCTCTGAT
6b;CCAAACCCAACAACCTAGATAGGC
7b;GTTCCTCGTGCAGTGTCAAGAGAT
8b;TTGCGTCCTGTTACGAGAACTCAT
9b;GAGCCTCTCATTGTCCGTTCTCTA
10b;ACCACTGCCATGTATCAAAGTACG
11b;CTTACTACCCAGTGAACCTCCTCG
12b;GCATAGTTCTGCATGATGGGTTAG
1c;GTAAGTTGGGTATGCAACGCAATG
2c;CATACAGCGACTACGCATTCTCAT
3c;CGACGGTTAGATTCACCTCTTACA
4c;TGAAACCTAAGAAGGCACCGTATC
5c;CTAGACACCTTGGGTTGACAGACC
6c;TCAGTGAGGATCTACTTCGACCCA
7c;TGCGTACAGCAATCAGTTACATTG
8c;CCAGTAGAAGTCCGACAACGTCAT
9c;CAGACTTGGTACGGTTGGGTAACT
10c;GGACGAAGAACTCAAGTCAAAGGC
11c;CTACTTACGAAGCTGAGGGACTGC
12c;ATGTCCCAGTTAGAGGAGGAAACA
1d;GCTTGCGATTGATGCTTAGTATCA
2d;ACCACAGGAGGACGATACAGAGAA
3d;CCACAGTGTCAACTAGAGCCTCTC
4d;TAGTTTGGATGACCAAGGATAGCC
5d;GGAGTTCGTCCAGAGAAGTACACG
6d;CTACGTGTAAGGCATACCTGCCAG
7d;CTTTCGTTGTTGACTCGACGGTAG
8d;AGTAGAAAGGGTTCCTTCCCACTC
9d;GATCCAACAGAGATGCCTTCAGTG
10d;GCTGTGTTCCACTTCATTCTCCTG
11d;GTGCAACTTTCCCACAGGTAGTTC
12d;CATCTGGAACGTGGTACACCTGTA
1e;ACTGGTGCAGCTTTGAACATCTAG
2e;ATGGACTTTGGTAACTTCCTGCGT
3e;GTTGAATGAGCCTACTGGGTCCTC
4e;TGAGAGACAAGATTGTTCGTGGAC
5e;AGATTCAGACCGTCTCATGCAAAG
6e;CAAGAGCTTTGACTAAGGAGCATG
7e;TGGAAGATGAGACCCTGATCTACG
8e;TCACTACTCAACAGGTGGCATGAA
9e;GCTAGGTCAATCTCCTTCGGAAGT
10e;CAGGTTACTCCTCCGTGAGTCTGA
11e;TCAATCAAGAAGGGAAAGCAAGGT
12e;CATGTTCAACCAAGGCTTCTATGG
1f;AGAGGGTACTATGTGCCTCAGCAC
2f;CACCCACACTTACTTCAGGACGTA
3f;TTCTGAAGTTCCTGGGTCTTGAAC
4f;GACAGACACCGTTCATCGACTTTC
5f;TTCTCAGTCTTCCTCCAGACAAGG
6f;CCGATCCTTGTGGCTTCTAACTTC
7f;GTTTGTCATACTCGTGTGCTCACC
8f;GAATCTAAGCAAACACGAAGGTGG
9f;TACAGTCCGAGCCTCATGTGATCT
10f;ACCGAGATCCTACGAATGGAGTGT
11f;CCTGGGAGCATCAGGTAGTAACAG
12f;TAGCTGACTGTCTTCCATACCGAC
1g;AAGAAACAGGATGACAGAACCCTC
2g;TACAAGCATCCCAACACTTCCACT
3g;GACCATTGTGATGAACCCTGTTGT
4g;ATGCTTGTTACATCAACCCTGGAC
5g;CGACCTGTTTCTCAGGGATACAAC
6g;AACAACCGAACCTTTGAATCAGAA
7g;TCTCGGAGATAGTTCTCACTGCTG
8g;CGGATGAACATAGGATAGCGATTC
9g;CCTCATCTTGTGAAGTTGTTTCGG
10g;ACGGTATGTCGAGTTCCAGGACTA
11g;TGGCTTGATCTAGGTAAGGTCGAA
12g;GTAGTGGACCTAGAACCTGTGCCA
1h;AACGGAGGAGTTAGTTGGATGATC
2h;AGGTGATCCCAACAAGCGTAAGTA
3h;TACATGCTCCTGTTGTTAGGGAGG
4h;TCTTCTACTACCGATCCGAAGCAG
5h;ACAGCATCAATGTTTGGCTAGTTG
6h;GATGTAGAGGGTACGGTTTGAGGC
7h;GGCTCCATAGGAACTCACGCTACT
8h;TTGTGAGTGGAAAGATACAGGACC
9h;AGTTTCCATCACTTCAGACTTGGG
10h;GATTGTCCTCAAACTGCCACCTAC
11h;CCTGTCTGGAAGAAGAATGGACTT
12h;CTGAACGGTCATAGAGTCCACCAT
bc_fake_1;AAGGCAATGCCCGTTACGGTTCGG
bc_fake_2;GGGGATGGCTCAGGACTCCCGCTG
bc_fake_3;TTAAACACAAACCCGCCAAGACCG
bc_fake_4;CGACGCGAAGTGGCTCGGCCCGAC
bc_fake_5;ATGAGAATATATAAACCAGGCAGG
bc_fake_6;GCACCGCCGCTACCGCCGCTGAAC
bc_fake_7;AATCCCAGGCGTTCGGACCTCCCT
bc_fake_8;GCCGCCCTTAGAACAGAATCCCAG
bc_fake_9;TTGCCCATGGGTGCCGCGCCTGTG
bc_fake_10;CTCTGCGCCCAACCGTGGAATTCC
bc_fake_11;CCTCAGGCCACCGCATATGGGCGG
bc_fake_12;ACCTCAACGCTAAACCCAAACCTC
bc_fake_13;ACGGCGCTTTGCGCTCCTCGAAAT
bc_fake_14;TCCCTCTGTTTGAGGCCATCACAG
bc_fake_15;CCTTTATGTATATTGCGAGTTTGT
bc_fake_16;GCCGGCACAAGTAACTTTCCAATC
bc_fake_17;AATCGGTTACACGCTTGAGGAGAT
bc_fake_18;CACTAAACCCTCTAGAGAATGACA
bc_fake_19;ACCCGTTTCGGTGATAATATAAGG
bc_fake_20;CTGATAGAGGTTTAAGGGCGTTAC
bc_fake_21;GGGGTGGAAACTATTTGTGTGAAT
bc_fake_22;CTTATCTGTACGCCCGATTATGAC
bc_fake_23;TTGCGCGGAATGTAACGCGCAGGA
bc_fake_24;CGTTGCCGGTAAACGCTAATTAAT
bc_fake_25;ATTATTAGCGGGACCAGCGATAAA
bc_fake_26;GGGACGTGCGACTGCCGACATTGC
bc_fake_27;TTCCACCTGGAATTTGGTTGAAGA
bc_fake_28;GGGGTTGATTTGTTCGAAACTAGT
bc_fake_29;TCGGGCCCTCACACCCAACGAGTG
bc_fake_30;TGGACAGGGCGCTGTTTATTTCAG
bc_fake_31;GCGTTTCTGTCTTAGAACTGGAAA
bc_fake_32;CATGTCAGATTCGCGGGAGAGGTG
bc_fake_33;GAACCATGAACTTGGGAGGGCGGG
bc_fake_34;GATTATTTCTTTACCATCAAATGC
bc_fake_35;ATTGGCTCCGCCCTTCGCAGTGGC
bc_fake_36;GGAAAGGTGGCCTCAATACCCGAA
bc_fake_37;AAGTTTATCGGCTAAGTTCTTCCA
bc_fake_38;CCAGGTTGCGGCCGGATCACCCGC
bc_fake_39;ACCGCGGTTTAAGCCGATGTGGGA
bc_fake_40;GCAACCCGGGCTTAAACTATGCGG
bc_fake_41;ACATAGACAAATAATTATATACCA
bc_fake_42;TTTTCGATTCAGGCGGCACCCAAT
bc_fake_43;CCAATTCTTAGTTGCCAGAAGAAT
bc_fake_44;TTAATCTTTACTTGGAAATTAACA
bc_fake_45;ACGCCGGGCTGTGGGCAAGAGCGA
bc_fake_46;TCATCAAAGGCTGGGCTGACCTAA
bc_fake_47;ATCATAACTTGCGCCTTCCCGGAG
bc_fake_48;GGCTTATCGCCGGCCCGTCAACGT
bc_fake_49;GGGTATTTGAGTGAGGGTGGCACC
bc_fake_50;GTTCAAAGCTTGTAGTATTATTCC
bc_fake_51;GTATGGGTTGTCGTGAGCAAATTT
bc_fake_52;GAGGCAACCCAATATTACTGAGGT
bc_fake_53;GAGTACGGGAAACCCGGCCCGTTT
bc_fake_54;TGGCTCCTCCTGTACATATTATTA
bc_fake_55;GGCCGGCCCGATCTTGGAAGAAAG
bc_fake_56;AGCAAAGTTTACGTGTGAAACCCT
bc_fake_57;TATTCCGAAACCCTAGCGTCCCGA
bc_fake_58;TTGATATTAGGGCACTATAGGCGA
bc_fake_59;CCGTAAGCGCAAAGCTCATGTTTG
bc_fake_60;GCGTTGTTGGATGCTTGCCGCGCT
bc_fake_61;TTTGTGGAGGAAGGGTGGTTCGCG
bc_fake_62;TTCCCTAACCTCGTGTCGGAGCGC
bc_fake_63;GGTGAAATAATTCCGGCTGAGTAA
bc_fake_64;AGGTGTCGTGCTAGAATTTCGGTT
bc_fake_65;ATCACCAAACGGGACCTTGTGGCA
bc_fake_66;GCGCCCGGACGATTCGTCGTTTGG
bc_fake_67;CTCCATTTGGTTCGTGCTAATGGG
bc_fake_68;GAAACGTCACGCACGGTTTGCTTA
bc_fake_69;GTCGCGTTGCCCGAAGAGGCCCTT
bc_fake_70;CCCGCCACCTTTAAGATGGTCTAA
bc_fake_71;TTGTTAGAATTTCATGATTTCGGT
bc_fake_72;GGGCCTACAACCGGATGTTAGTTT
bc_fake_73;TGTTGTTTCTTTCGGCCGGGCCCA
bc_fake_74;GATCTTTCCCTAGGGTGCTGGATT
bc_fake_75;TCGGGATTTAATAAATAACCCTGT
bc_fake_76;GATGGCGGCGGATAAGGGCTCCAG
bc_fake_77;AATTTAGGTTAAGAACCGGGTGTC
bc_fake_78;CGAAAGGCTGGAACCCGCTTCGGG
bc_fake_79;CAAATATAGGAACTAGTCGTGAAG
bc_fake_80;ACCCTCAGCTGCCTATAATTCCCG
bc_fake_81;ATCGGCTAGGGAGCCAAATTTACC
bc_fake_82;ATTACGCTCTAAATGGGACGCCCA
bc_fake_83;TCCCATTTAAACGGTCTTTCTTCG
bc_fake_84;AATGCCGATTTCACTATCCACTTT
bc_fake_85;GCAGGGCAGGCCCGCCATAATTAG
bc_fake_86;CTCCGTGGACTATTAGCCTAATAA
bc_fake_87;CTACCCTTATTAAGGGCCCAGGGC
bc_fake_88;ATCTCCACTGTCTTGGGCGGTGTT
bc_fake_89;TGGCGCCAATCCCGGTTTACCGCC
bc_fake_90;CTCCGAACCGCTGCCCTCTATAGT
bc_fake_91;TCCAAAGCTATACCGGGCGGGTCG
bc_fake_92;GTAAGGCGCGACAGGCAGGAGGGA
bc_fake_93;TGTGCCTTGCGGACAATGTGAAGC
bc_fake_94;GGCTCACGCGTTGGTTGCCCGGGA
bc_fake_95;CGAAATCGTATCGGGCCCAATCCC
bc_fake_96;AGGAGGCCACCCGGAAAGCTGAAA
